,,,,,,,,,,,,,,,,,,,,,,,,,,,,,,,,
Name,Wiki,DLC,Weapon Type,Affinity,Phy,Mag,Fir,Lit,Hol,Crit,Sta,STR,DEX,INT,FAI,ARC,R.STR,R.DEX,R.INT,R.FAI,R.ARC,Wt.,Scarlet Rot,Frostbite,Hemorrhage,Madness,Poison,Sleep,Passive,Skill,Base Hvy,Base Mag
Academy Glintstone Staff,🌐,FALSE,Glintstone Staff,Standard,43,,,,,100,40,D,,🢒 S 🢐,,,6,,28,,,3.00,0,0,0,0,0,0,,No Skill,,530
Alabaster Lord's Sword,🌐,TRUE,Greatsword,Standard,313,93,,,,100,126,B,D,D,,,16,12,18,,,8.00,0,0,0,0,0,0,,Alabaster Lords' Pull,406,406
Albinauric Bow,🌐,FALSE,Bow,Standard,200,,,,,100,60,E,D,,,,7,18,,,,4.50,0,0,0,0,0,0,,Ashes of War,,530
Albinauric Staff,🌐,FALSE,Glintstone Staff,Standard,29,,,,,100,38,D,,B,,🢒 S 🢐,6,,10,,12,2.50,0,0,0,0,0,0,,No Skill,,530
Ancient Meteoric Ore Greatsword,🌐,TRUE,Colossal Sword,Standard,377,112,,,,100,164,B,E,,,D,35,10,,,19,22.00,0,0,0,0,0,0,,White Light Charge,,
Ansbach's Longbow,🌐,TRUE,Bow,Standard,181,,,,,100,60,D,D,,,,9,43,,,,4.50,0,0,0,0,0,0,,Fan Shot,,
Antspur Rapier,🌐,FALSE,Thrusting Sword,Standard,240,,,,,100,62,D,C,,,,10,20,,,,3.00,55,0,0,0,0,0,,Ashes of War,220,366
Anvil Hammer,🌐,TRUE,Colossal Weapon,Standard,320,,208,,,100,214,B,E,E,D,,39,10,11,20,,22.00,0,0,0,0,0,0,,Smithing Art Spears,,
Arbalest,🌐,FALSE,Crossbow,Standard,308,,,,,100,68,,,,,,18,12,,,,6.00,0,0,0,0,0,0,,Kick,,530
Astrologer's Staff,🌐,FALSE,Glintstone Staff,Standard,43,,,,,100,40,D,,🢒 S 🢐,,,7,,18,,,3.00,0,0,0,0,0,0,,No Skill,,530
Axe of Godfrey,🌐,FALSE,Colossal Weapon,Standard,404,,,,,100,150,C,D,,,,42,14,,,,18.00,0,0,0,0,0,0,,Regal Roar,404,404
Axe of Godrick,🌐,FALSE,Greataxe,Standard,347,,,,,100,150,C,C,,,,34,22,,,,11.00,0,0,0,0,0,0,,"I Command Thee, Kneel!",347,347
Azur's Glintstone Staff,🌐,FALSE,Glintstone Staff,Standard,58,,,,,100,42,C,,🢒 S 🢐,,,10,,52,,,4.00,0,0,0,0,0,0,,No Skill,,530
Backhand Blade,🌐,TRUE,Backhand Blade,Standard,257,,,,,100,90,C,C,,,,10,13,,,,2.00,0,0,0,0,0,0,,Ashes of War,,
Bandit's Curved Sword,🌐,FALSE,Curved Sword,Standard,289,,,,,100,98,D,C,,,,11,13,,,,5.00,0,0,0,0,0,0,,Ashes of War,265,440
Banished Knight's Greatsword,🌐,FALSE,Greatsword,Standard,347,,,,,100,132,C,D,,,,17,9,,,,10.00,0,0,0,0,0,0,,Ashes of War,321,534
Banished Knight's Halberd,🌐,FALSE,Halberd,Standard,306,,,,,100,122,C,C,,,,14,12,,,,8.00,0,0,0,0,0,0,,Ashes of War,282,468
Barbed Staff-Spear,🌐,TRUE,Great Spear,Standard,210,,,,210,100,96,D,D,,A,,14,18,,22,,7.50,0,0,55,0,0,0,,Jori's Inquisition,,
Bastard Sword,🌐,FALSE,Greatsword,Standard,338,,,,,100,126,C,D,,,,16,10,,,,9.00,0,0,0,0,0,0,,Ashes of War,292,518
Bastard's Stars,🌐,FALSE,Flail,Standard,166,198,,,,100,106,E,C,A,,,8,22,22,,,5.50,0,0,0,0,0,0,,Nebula,350,350
Battle Axe,🌐,FALSE,Axe,Standard,313,,,,,100,112,C,D,,,,12,8,,,,4.50,0,0,0,0,0,0,,Ashes of War,277,460
Battle Hammer,🌐,FALSE,Warhammer,Standard,320,,,,,100,194,B,E,,,,26,8,,,,10.00,0,0,0,0,0,0,,Ashes of War,279,494
Beast Claw,🌐,TRUE,Beast Claw,Standard,240,,,,,100,72,C,D,,,,13,11,,,,3.00,0,0,45,0,0,0,,Ashes of War,,
Beast-Repellent Torch,🌐,FALSE,Torch,Standard,142,,254,,,100,94,B,D,,,,12,8,,,,2.50,0,0,0,0,0,0,Beast-type enemies become passive until attacked.,Torch Attack,396,396
Beastclaw Greathammer,🌐,FALSE,Warhammer,Standard,284,,,,183,100,182,C,C,,D,,20,10,,18,,9.00,0,0,0,0,0,0,,Regal Beastclaw,467,467
Beastman's Cleaver,🌐,FALSE,Curved Greatsword,Standard,350,,,,,100,164,B,,,,,25,14,,,,16.50,0,0,0,0,0,0,,Ashes of War,321,534
Beastman's Curved Sword,🌐,FALSE,Curved Sword,Standard,276,,,,,100,98,B,D,,,,13,11,,,,4.00,0,0,0,0,0,0,,Ashes of War,237,420
Black Bow,🌐,FALSE,Bow,Standard,171,,,,,100,60,D,D,,,,9,20,,,,4.00,0,0,0,0,0,0,,Barrage,,530
Black Knife,🌐,FALSE,Dagger,Standard,161,,,,159,110,56,E,B,,C,,8,12,,18,,2.00,0,0,0,0,0,0,,Blade of Death,320,320
Black Steel Greathammer,🌐,TRUE,Great Hammer,Standard,343,,,,102,100,216,B,E,,C,,25,11,,17,,12.00,0,0,0,0,0,0,Guard Counters cause a burst of Holy power to erupt.,Ashes of War,,
Black Steel Twinblade,🌐,TRUE,Twinblade,Standard,274,,,,80,100,90,D,C,,D,,18,15,13,,,8.00,0,0,0,0,0,0,,Ashes of War,,
Blade of Calling,🌐,FALSE,Dagger,Standard,173,,,,105,110,56,D,C,,B,,6,13,,15,,1.50,0,0,0,0,0,0,,Blade of Gold,278,278
Blasphemous Blade,🌐,FALSE,Greatsword,Standard,296,,191,,,100,138,C,C,,B,,22,15,,21,,13.50,0,0,0,0,0,0,Restores 6.5% max HP upon defeating an enemy.,Taker's Flames,487,487
Bloodfiend's Arm,🌐,TRUE,Colossal Weapon,Standard,360,,,,,100,204,C,E,,,C,28,11,,,16,20.00,0,0,0,0,0,0,Sprays Blood when executing a strong attack causing Hemorrhage build up.,Ashes of War,,
Bloodfiend's Fork,🌐,TRUE,Spear,Standard,252,,,,,100,84,C,E,,,D,14,8,,,13,4.50,0,0,50,0,0,0,,Ashes of War,,
Bloodfiend's Sacred Spear,🌐,TRUE,Great Spear,Standard,281,,,,,100,80,D,E,,,B,22,12,,,13,8.00,0,0,60,0,0,0,,Bloodfiends' Bloodboon,,
Bloodhound Claws,🌐,FALSE,Claw,Standard,242,,,,,110,78,C,D,,,,10,15,,,,3.00,0,0,60,0,0,0,,Ashes of War,211,350
Bloodhound's Fang,🌐,FALSE,Curved Greatsword,Standard,345,,,,,100,122,C,B,,,,18,17,,,,11.50,0,0,55,0,0,0,,Bloodhound's Finesse,345,345
Bloodstained Dagger,🌐,FALSE,Dagger,Standard,198,,,,,110,60,B,D,,,,9,12,,,,2.00,0,0,38,0,0,0,,Ashes of War,169,300
Bloody Helice,🌐,FALSE,Heavy Thrusting Sword,Standard,296,,,,,100,94,E,C,,,B,16,19,,,17,8.00,0,0,55,0,0,0,,Dynast's Finesse,296,296
Bolt of Gransax,🌐,FALSE,Spear,Standard,240,,,154,,100,88,D,C,,,,20,40,,,,8.50,0,0,0,0,0,0,,Ancient Lightning Spear,394,394
Bone Bow,🌐,TRUE,Light Bow,Standard,161,,,,,100,40,D,D,,,,8,11,,,,3.00,0,0,0,0,0,0,,Rancor Shot,,
Bonny Butchering Knife,🌐,TRUE,Greataxe,Standard,328,,,,,100,160,B,D,,,,16,20,,,,8.50,0,0,0,0,0,0,Restores a small amount of HP when it strikes an enemy.,Hone Blade,,
Brick Hammer,🌐,FALSE,Warhammer,Standard,298,,,,,100,218,A,,,,,31,,,,,12.50,0,0,0,0,0,0,,Ashes of War,259,460
Broadsword,🌐,FALSE,Straight Sword,Standard,286,,,,,100,94,C,D,,,,10,10,,,,4.00,0,0,0,0,0,0,,Ashes of War,246,436
Butchering Knife,🌐,FALSE,Greataxe,Standard,328,,,,,100,150,E,B,,,,16,20,,,,8.50,0,0,0,0,0,0,Restores 1% max HP on hit.,Ashes of War,303,502
Caestus,🌐,FALSE,Fist,Standard,220,,,,,100,100,C,C,,,,8,8,,,,1.50,0,0,0,0,0,0,,Ashes of War,202,334
Cane Sword,🌐,FALSE,Straight Sword,Standard,235,,,,,100,86,D,C,,,,8,11,,,,2.50,0,0,0,0,0,0,,Ashes of War,216,358
Carian Glintblade Staff,🌐,FALSE,Glintstone Staff,Standard,38,,,,,100,38,D,D,🢒 S 🢐,,,6,12,22,,,2.50,0,0,0,0,0,0,Boosts Glintblade sorcery.,No Skill,,530
Carian Glintstone Staff,🌐,FALSE,Glintstone Staff,Standard,43,,,,,100,40,D,,🢒 S 🢐,,,6,8,24,,,3.00,0,0,0,0,0,0,Boosts Carian Sword sorcery.,No Skill,,530
Carian Knight's Sword,🌐,FALSE,Straight Sword,Standard,215,215,,,,100,90,C,D,D,,,10,10,18,,,4.00,0,0,0,0,0,0,Functions as a catalyst for Glintstone sorcery when executing strong attacks.,Carian Grandeur,430,430
Carian Regal Scepter,🌐,FALSE,Glintstone Staff,Standard,58,,,,,100,40,D,D,🢒 S 🢐,,,8,10,60,,,3.00,0,0,0,0,0,0,Boosts Full Moon sorcery.,Carian Spinning Weapon,,530
Carian Sorcery Sword,🌐,TRUE,Thrusting Sword,Standard,178,178,,,,110,58,E,D,C,,,10,19,16,,,2.50,0,0,0,0,0,0,,Impaling Thrust,,
Carian Thrusting Shield,🌐,TRUE,Thrusting Shield,Standard,298,88,,,,100,150,C,C,D,,,17,13,15,,,10.50,0,0,0,0,0,0,,Ashes of War,,
Celebrant's Cleaver,🌐,FALSE,Axe,Standard,306,,,,,100,112,C,D,,,,12,8,,,,4.50,0,0,0,0,0,0,Grants 10 Runes on hit.,Ashes of War,267,444
Celebrant's Rib-Rake,🌐,FALSE,Spear,Standard,267,,,,,100,68,D,C,,,,8,14,,,,5.00,0,0,0,0,0,0,Grants 10 Runes on hit.,Ashes of War,244,404
Celebrant's Sickle,🌐,FALSE,Dagger,Standard,193,,,,,100,56,E,B,,,,6,11,,,,1.50,0,0,0,0,0,0,Grants 10 Runes on hit.,Rune Gain on Hit,,
Celebrant's Skull,🌐,FALSE,Warhammer,Standard,338,,,,,100,182,C,C,,,,18,12,,,,8.50,0,0,0,0,0,0,Grants 20 Runes on hit.,Ashes of War,312,518
Chainlink Flail,🌐,FALSE,Flail,Standard,274,,,,,100,122,B,E,,,,18,12,,,,8.00,0,0,50,0,0,0,,Ashes of War,228,404
Chilling Perfume Bottle,🌐,TRUE,Perfume Bottle,Standard,,257,,,,100,84,,C,C,,,3,13,13,,,1.00,0,60,0,0,0,0,,Ashes of War,,
Cinquedea,🌐,FALSE,Dagger,Standard,240,,,,,100,68,B,D,,,,10,10,,,,3.50,0,0,0,0,0,0,Increases damage of Bestial Incantations (+10%).,Quickstep,240,240
Cipher Pata,🌐,FALSE,Fist,Standard,,,,,208,100,90,,,,A,,,,,30,,0.00,0,0,0,0,0,0,,Unblockable Blade,208,208
Clawmark Seal,🌐,FALSE,Sacred Seal,Standard,54,,,,,100,40,B,,,B,,4,,,10,,1.50,0,0,0,0,0,0,Boosts Bestial incantations.,No Skill,,530
Claws of Night,🌐,TRUE,Beast Claw,Standard,193,124,,,,110,68,,B,,,,8,20,,,,3.00,0,0,45,0,0,0,Cannot be fully guarded against.,Scattershot (Claws),,
Clayman's Harpoon,🌐,FALSE,Spear,Standard,242,156,,,,100,80,C,E,D,,,12,10,12,,,5.50,0,0,0,0,0,0,,Ashes of War,321,469
Claymore,🌐,FALSE,Greatsword,Standard,338,,,,,100,126,C,D,,,,16,13,,,,9.00,0,0,0,0,0,0,,Ashes of War,312,518
Cleanrot Knight's Sword,🌐,FALSE,Thrusting Sword,Standard,267,,,,,100,66,C,D,,,,13,11,,,,4.00,0,0,0,0,0,0,,Ashes of War,244,404
Cleanrot Spear,🌐,FALSE,Spear,Standard,249,,,,161,100,80,C,C,,D,,16,16,,14,,5.50,0,0,0,0,0,0,Raises Immunity (+50),Sacred Phalanx,410,410
Clinging Bone,🌐,FALSE,Fist,Standard,196,58,,,,100,94,E,B,,,C,8,22,,,16,3.00,0,0,0,0,0,0,,Lifesteal,254,254
Club,🌐,FALSE,Hammer,Standard,252,,,,,100,102,B,,,,,10,,,,,3.50,0,0,0,0,0,0,,Ashes of War,230,382
Coded Sword,🌐,FALSE,Straight Sword,Standard,,,,,208,100,76,,,,A,,,,,20,,2.50,0,0,0,0,0,0,Attacks cannot be blocked by shields.,Unblockable Blade,208,208
Commander's Standard,🌐,FALSE,Halberd,Standard,338,,,,,100,136,B,D,,,,24,14,,,,11.50,0,0,0,0,0,0,,Rallying Standard,338,338
Composite Bow,🌐,FALSE,Light Bow,Standard,159,,,,,100,40,E,D,,,,15,15,,,,3.00,0,0,0,0,0,0,,Ashes of War,,530
Cranial Vessel Candlestand,🌐,FALSE,Warhammer,Standard,240,,240,,,100,190,B,D,,B,,26,8,,22,,12.50,0,0,0,0,0,0,,Surge of Faith,480,480
Crepus's Black-Key Crossbow,🌐,FALSE,Crossbow,Standard,238,,,,,100,64,,,,,,14,16,,,,5.00,0,0,0,0,0,0,Enhanced range.,Kick,,530
Crescent Moon Axe,🌐,FALSE,Greataxe,Standard,357,,,,,100,156,D,C,,,,25,15,,,,12.50,0,0,0,0,0,0,,Ashes of War,331,548
Cross-Naginata,🌐,FALSE,Spear,Standard,298,,,,,100,88,D,B,,,,16,20,,,,8.00,0,0,50,0,0,0,,Ashes of War,274,456
Crystal Knife,🌐,FALSE,Dagger,Standard,200,129,,,,100,62,C,D,B,,,8,12,9,,,2.00,0,0,0,0,0,0,,Quickstep,329,329
Crystal Spear,🌐,FALSE,Spear,Standard,269,80,,,,100,80,D,B,D,,,10,16,16,,,5.50,0,0,0,0,0,0,,Impaling Thrust,349,349
Crystal Staff,🌐,FALSE,Glintstone Staff,Standard,75,,,,,100,46,C,,🢒 S 🢐,,,8,,48,,,4.50,0,0,0,0,0,0,Boosts Crystallian sorcery.,No Skill,,530
Crystal Sword,🌐,FALSE,Straight Sword,Standard,259,166,,,,100,98,C,D,D,,,13,10,15,,,4.50,0,0,0,0,0,0,,Spinning Slash,425,425
Curseblade's Cirque,🌐,TRUE,Backhand Blade,Standard,264,,,,,100,116,D,B,,,,9,22,,,,4.50,0,0,45,0,0,0,,Deadly Dance,,
Curved Club,🌐,FALSE,Hammer,Standard,279,,,,,100,106,B,D,,,,11,7,,,,5.00,0,0,0,0,0,0,,Ashes of War,239,424
Curved Great Club,🌐,FALSE,Warhammer,Standard,355,,,,,100,194,C,D,,,,24,10,,,,10.00,0,0,0,0,0,0,,Ashes of War,329,546
Dagger,🌐,FALSE,Dagger,Standard,181,,,,,130,60,D,B,,,,5,9,,,,1.50,0,0,0,0,0,0,,Ashes of War,166,276
Dancing Blade of Ranah,🌐,TRUE,Curved Sword,Standard,215,,,,,100,80,,A,,,,9,20,,,,3.50,0,0,0,0,0,0,,Unending Dance,,
Dane's Footwork,🌐,TRUE,Hand-to-Hand Art,Standard,196,,,,,100,100,C,C,,,,8,8,,,,1.00,0,0,0,0,0,0,,Ashes of War,,
Dark Moon Greatsword,🌐,FALSE,Greatsword,Standard,200,240,,,,100,126,D,D,B,,,16,11,38,,,10.00,0,55,0,0,0,0,,Moonlight Greatsword,440,440
Deadly Poison Perfume Bottle,🌐,TRUE,Perfume Bottle,Standard,225,,,,,100,84,,C,,,C,3,13,,,18,1.00,0,0,0,0,66,0,,Deadly Poison Spray,,
Death Knight's Longhaft Axe,🌐,TRUE,Greataxe,Standard,276,,,178,,100,164,B,E,,D,,23,10,,18,,11.50,0,0,0,0,0,0,,Blinkbolt: Long-hafted Axe,,
Death Knight's Twin Axes,🌐,TRUE,Axe,Standard,247,,,159,,100,122,C,D,,C,,14,12,,16,,5.50,0,0,0,0,0,0,,Blinkbolt: Twinaxe,,
Death Ritual Spear,🌐,FALSE,Spear,Standard,242,156,,,,110,84,D,B,D,,,20,18,,,,6.50,0,0,0,0,0,0,,Spearcall Ritual,398,398
Death's Poker,🌐,FALSE,Greatsword,Standard,301,88,,,,100,116,C,B,D,,,15,17,11,,,8.50,0,65,0,0,0,0,,Ghostflame Ignition,389,389
Demi-Human Queen's Staff,🌐,FALSE,Glintstone Staff,Standard,54,,,,,100,40,C,,🢒 S 🢐,,,6,,10,,,3.00,0,0,0,0,0,0,,No Skill,,530
Devonia's Hammer,🌐,TRUE,Colossal Weapon,Standard,360,,,,107,100,204,B,D,,C,,30,13,,19,,20.00,0,0,0,0,0,0,,Devonia's Vortex,,
Devourer's Scepter,🌐,FALSE,Warhammer,Standard,274,,169,,,100,154,C,C,,C,,24,20,,25,,11.50,0,0,0,0,0,0,,Devourer of Worlds,431,431
Digger's Staff,🌐,FALSE,Glintstone Staff,Standard,66,,,,,100,46,C,,🢒 S 🢐,,,8,,12,,,4.50,0,0,0,0,0,0,Boosts Stonedigger sorcery.,No Skill,,530
Dismounter,🌐,FALSE,Curved Greatsword,Standard,338,,,,,100,122,C,D,,,,19,16,,,,10.00,0,0,0,0,0,0,,Ashes of War,310,514
Dragon Communion Seal,🌐,FALSE,Sacred Seal,Standard,61,,,,,100,40,,,,B,🢒 S 🢐,,,,10,10,0.00,0,0,0,0,0,0,Boosts Dragon Communion incantations.,No Skill,,530
Dragon Greatclaw,🌐,FALSE,Colossal Weapon,Standard,294,,,191,,100,150,C,C,,,,30,14,,,,16.00,0,0,0,0,0,0,,Endure,485,485
Dragon Halberd,🌐,FALSE,Halberd,Standard,330,,,,,100,136,B,C,,,,22,10,,,,10.50,0,0,0,0,0,0,,Spinning Slash,330,330
Dragon King's Cragblade,🌐,FALSE,Heavy Thrusting Sword,Standard,225,,,144,,100,98,D,B,,,,18,37,,,,8.00,0,0,0,0,0,0,,Thundercloud Form,369,369
Dragon-Hunter's Great Katana,🌐,TRUE,Great Katana,Standard,372,,,,,100,110,C,C,,,,15,20,,,,10.50,0,0,55,0,0,0,,Dragonwound Slash,,
Dragonscale Blade,🌐,FALSE,Katana,Standard,269,,,,,100,90,D,B,,,,12,20,,,,5.50,0,0,0,0,0,0,,Ice Lightning Sword,269,269
Dryleaf Arts,🌐,TRUE,Hand-to-Hand Art,Standard,196,,,,,100,100,C,C,,,,8,8,,,,1.00,0,0,0,0,0,0,,Ashes of War,,
Dryleaf Seal,🌐,TRUE,Sacred Seal,Standard,43,,,,,100,40,D,,,🢒 S 🢐,,,,,27,,1.50,0,0,0,0,0,0,,Ashes of War,,
Dueling Shield,🌐,TRUE,Thrusting Shield,Standard,306,,,,,100,140,D,C,,,,15,14,,,,9.00,0,0,0,0,0,0,,Ashes of War,,
Duelist Greataxe,🌐,FALSE,Colossal Weapon,Standard,416,,,,,100,156,D,C,,,,30,10,,,,20.00,0,0,0,0,0,0,,Ashes of War,385,638
Eclipse Shotel,🌐,FALSE,Curved Sword,Standard,188,,,,188,100,94,D,C,,C,,10,25,,30,,3.00,0,0,0,0,0,0,,Death Flare,376,376
Eleonora's Poleblade,🌐,FALSE,Twinblade,Standard,176,,176,,,100,84,E,C,,,D,12,21,,,19,6.00,0,0,55,0,0,0,,Bloodblade Dance,352,352
Envoy's Greathorn,🌐,FALSE,Colossal Weapon,Standard,296,,,,191,100,202,C,C,,D,,28,12,,24,,19.50,0,0,0,0,0,0,,Great Oracular Bubble,487,487
Envoy's Horn,🌐,FALSE,Hammer,Standard,235,,,,151,100,106,C,C,,C,,10,12,,16,,4.00,0,0,0,0,0,0,,Oracular Bubble,386,386
Envoy's Long Horn,🌐,FALSE,Warhammer,Standard,294,,,,191,100,154,C,D,,B,,23,11,,18,,9.50,0,0,0,0,0,0,,Bubble Shower,485,485
Erdsteel Dagger,🌐,FALSE,Dagger,Standard,164,,,,,110,60,D,D,,D,,7,12,,14,,2.00,0,0,0,0,0,0,,Ashes of War,150,248
Erdtree Bow,🌐,FALSE,Bow,Standard,98,,,,122,100,60,E,D,,D,,8,12,,14,,4.00,0,0,0,0,0,0,,Mighty Shot,,530
Erdtree Greatbow,🌐,FALSE,Greatbow,Standard,147,,,,159,100,150,D,D,,D,,20,14,,14,,11.00,0,0,0,0,0,0,,Through and Through,,530
Erdtree Seal,🌐,FALSE,Sacred Seal,Standard,61,,,,36,100,40,,,,🢒 S 🢐,,,,,40,,0.00,0,0,0,0,0,0,,No Skill,,530
Estoc,🌐,FALSE,Thrusting Sword,Standard,262,,,,,100,66,E,B,,,,11,13,,,,4.50,0,0,0,0,0,0,,Ashes of War,239,396
Euporia,🌐,TRUE,Twinblade,Standard,205,,,,245,100,96,D,D,,B,,16,16,24,,,8.50,0,0,0,0,0,0,,Euporia Vortex,,
Executioner's Greataxe,🌐,FALSE,Greataxe,Standard,367,,,,,115,172,B,E,,,,34,8,,,,15.00,0,0,0,0,0,0,,Ashes of War,319,564
Falchion,🌐,FALSE,Curved Sword,Standard,267,,,,,100,94,C,C,,,,9,13,,,,3.50,0,0,0,0,0,0,,Ashes of War,244,404
Fallingstar Beast Jaw,🌐,FALSE,Colossal Weapon,Standard,320,208,,,,100,180,C,C,D,,,34,12,20,,,21.50,0,0,0,0,0,0,,Gravity Bolt,528,528
Falx,🌐,TRUE,Curved Sword,Standard,262,,,,,100,84,D,B,,,,12,15,,,,4.00,0,0,55,0,0,0,,Revenger's Blade,,
Family Heads,🌐,FALSE,Flail,Standard,220,142,,,,100,106,D,A,D,,,8,18,16,,,5.50,0,0,0,0,0,0,,Familial Rancor,350,350
Finger Seal,🌐,FALSE,Sacred Seal,Standard,43,,,,,100,40,D,,,🢒 S 🢐,,4,,,10,,1.50,0,0,0,0,0,0,,No Skill,,530
Fire Knight's Greatsword,🌐,TRUE,Colossal Sword,Standard,360,,107,,,100,142,D,C,,D,,22,18,,12,,16.00,0,0,0,0,0,0,,Ashes of War,,
Fire Knight's Seal,🌐,TRUE,Sacred Seal,Standard,43,,,,,100,40,D,,,🢒 S 🢐,,,,,23,,1.50,0,0,0,0,0,0,,Ashes of War,,
Fire Knight's Shortsword,🌐,TRUE,Straight Sword,Standard,183,,53,,,110,56,D,C,,D,,8,13,,12,,2.00,0,0,0,0,0,0,,Ashes of War,,
Firespark Perfume Bottle,🌐,TRUE,Perfume Bottle,Standard,,,269,,,100,84,,B,,,,3,14,,,,1.00,0,0,0,0,0,0,,Ashes of War,,
Flail,🌐,FALSE,Flail,Standard,274,,,,,100,112,D,C,,,,10,18,,,,5.00,0,0,50,0,0,0,,Ashes of War,244,404
Flamberge,🌐,FALSE,Greatsword,Standard,316,,,,,100,118,D,B,,,,15,14,,,,10.00,0,0,55,0,0,0,,Ashes of War,293,486
Flowerstone Gavel,🌐,TRUE,Hammer,Standard,296,,,,,100,116,C,D,,,C,14,8,,,15,6.00,0,0,0,0,0,0,	Enhanced damage against dragons.,Flower Dragonbolt,,
Flowing Curved Sword,🌐,FALSE,Curved Sword,Standard,267,,,,,100,94,D,C,,,,9,17,,,,3.50,0,0,0,0,0,0,,Ashes of War,244,404
Forked Greatsword,🌐,FALSE,Greatsword,Standard,303,,,,,100,112,D,C,,,,14,16,,,,9.00,0,0,55,0,0,0,,Ashes of War,282,468
Forked Hatchet,🌐,FALSE,Axe,Standard,259,,,,,100,106,D,B,,,,9,14,,,,2.50,0,0,50,0,0,0,,Ashes of War,225,374
Forked-Tongue Hatchet,🌐,TRUE,Axe,Standard,306,,,,,100,112,D,C,,,,10,13,,,,4.00,0,0,50,0,0,0,,Dragonform Flame,,
Frenzied Flame Seal,🌐,FALSE,Sacred Seal,Standard,61,,,,,100,40,C,C,C,B,,,,,0,,0.00,0,0,0,55,0,0,Boosts Frenzied Flame incantations.,No Skill,,530
Frenzyflame Perfume Bottle,🌐,TRUE,Perfume Bottle,Standard,,,257,,,100,84,D,C,D,D,,3,10,12,12,,1.00,0,0,0,60,0,0,,Ashes of War,,
Freyja's Greatsword,🌐,TRUE,Greatsword,Standard,357,,,,,100,146,B,E,,,,25,14,,,,14.00,0,0,0,0,0,0,Enhances the power of Redmane battle skills.,Ashes of War,,
Frozen Needle,🌐,FALSE,Thrusting Sword,Standard,242,,,,,100,60,D,B,,,,11,18,,,,2.50,0,60,0,0,0,0,,Impaling Thrust,242,242
Full Moon Crossbow,🌐,FALSE,Crossbow,Standard,175,175,,,,100,60,,,,,,10,10,14,,,4.00,0,0,0,0,0,0,,Kick,,530
Gargoyle's Black Axe,🌐,FALSE,Greataxe,Standard,245,,,,294,100,150,C,E,,D,,24,8,,22,,8.50,0,0,0,0,0,0,,War Cry,539,539
Gargoyle's Black Blades,🌐,FALSE,Twinblade,Standard,198,,,,237,100,100,B,E,,D,,18,15,,22,,8.50,0,0,0,0,0,0,,Spinning Slash,435,435
Gargoyle's Black Halberd,🌐,FALSE,Halberd,Standard,252,,,,301,100,152,C,D,,D,,26,10,,22,,12.00,0,0,0,0,0,0,,Spinning Slash,554,554
Gargoyle's Blackblade,🌐,FALSE,Greatsword,Standard,249,,,,298,100,138,C,D,,D,,18,10,,22,,11.50,0,0,0,0,0,0,,Corpse Wax Cutter,547,547
Gargoyle's Great Axe,🌐,FALSE,Greataxe,Standard,301,,,,,100,150,B,E,,,,24,8,,,,8.50,0,0,0,0,0,0,,Ashes of War,261,464
Gargoyle's Greatsword,🌐,FALSE,Greatsword,Standard,325,,,,,100,138,B,E,,,,18,10,,,,11.50,0,0,0,0,0,0,,Ashes of War,283,502
Gargoyle's Halberd,🌐,FALSE,Halberd,Standard,320,,,,,100,152,B,E,,,,26,10,,,,12.00,0,0,0,0,0,0,,Ashes of War,275,486
Gargoyle's Twinblade,🌐,FALSE,Twinblade,Standard,301,,,,,100,100,B,E,,,,18,15,,,,8.50,0,0,0,0,0,0,,Ashes of War,259,460
Gazing Finger,🌐,TRUE,Colossal Weapon,Standard,325,210,,,,100,190,B,,D,E,,20,8,20,14,,15.00,0,0,0,0,0,0,,Kowtower's Resentment,,
Gelmir Glintstone Staff,🌐,FALSE,Glintstone Staff,Standard,50,,,,,100,38,D,,B,B,,6,,14,14,,2.50,0,0,0,0,0,0,Boosts Lava sorcery.,No Skill,,530
Ghiza's Wheel,🌐,FALSE,Colossal Weapon,Standard,382,,,,,100,184,C,C,,,,28,18,,,,19.00,0,0,70,0,0,0,,Spinning Wheel,382,382
Ghostflame Torch,🌐,FALSE,Torch,Standard,122,220,,,,100,104,D,D,C,,,10,10,14,,,2.50,0,65,0,0,0,0,,Torch Attack,342,342
Giant-Crusher,🌐,FALSE,Colossal Weapon,Standard,379,,,,,100,224,B,,,,,60,,,,,26.50,0,0,0,0,0,0,,Ashes of War,330,584
Giant's Red Braid,🌐,FALSE,Whip,Standard,200,,129,,,100,88,B,D,,B,,18,12,,21,,1.50,0,0,0,0,0,0,,Flame Dance,329,329
Giant's Seal,🌐,FALSE,Sacred Seal,Standard,43,,,,,100,40,D,,,🢒 S 🢐,,4,,,14,,1.50,0,0,0,0,0,0,Boosts Giants' Flame incantations.,No Skill,,530
Glaive,🌐,FALSE,Halberd,Standard,323,,,,,100,128,C,C,,,,18,15,,,,10.00,0,0,0,0,0,0,,Ashes of War,296,490
Glintstone Kris,🌐,FALSE,Dagger,Standard,139,166,,,,110,56,E,C,C,,,5,12,16,,,1.50,0,0,0,0,0,0,,Glintstone Dart,305,305
Glintstone Staff,🌐,FALSE,Glintstone Staff,Standard,43,,,,,100,40,D,,🢒 S 🢐,,,6,,10,,,3.00,0,0,0,0,0,0,,No Skill,,530
Godskin Peeler,🌐,FALSE,Twinblade,Standard,296,,,,,100,90,D,B,,,,17,22,,,,8.00,0,0,0,0,0,0,,Ashes of War,272,452
Godskin Stitcher,🌐,FALSE,Heavy Thrusting Sword,Standard,311,,,,,100,94,C,C,,,,14,17,,,,7.00,0,0,0,0,0,0,,Ashes of War,284,470
Godslayer's Greatsword,🌐,FALSE,Colossal Sword,Standard,291,,188,,,100,120,D,B,,C,,20,22,,20,,17.50,0,0,0,0,0,0,,The Queen's Black Flame,479,479
Godslayer's Seal,🌐,FALSE,Sacred Seal,Standard,43,,,,,100,40,D,,,🢒 S 🢐,,4,,,27,,1.50,0,0,0,0,0,0,Boosts Godslayer incantations.,No Skill,,530
Golden Epitaph,🌐,FALSE,Straight Sword,Standard,208,,,,208,100,90,D,D,,C,,12,10,,14,,3.50,0,0,0,0,0,0,Prevents Skeletons from reviving.,Last Rites (Group buff),416,416
Golden Halberd,🌐,FALSE,Halberd,Standard,328,,,,213,100,152,B,D,,D,,30,14,,12,,13.50,0,0,0,0,0,0,,Golden Vow,451,451
Golden Order Greatsword,🌐,FALSE,Greatsword,Standard,210,,,,252,100,118,E,D,,B,,16,21,,28,,10.00,0,0,0,0,0,0,Prevents Skeletons from reviving.,Establish Order,462,462
Golden Order Seal,🌐,FALSE,Sacred Seal,Standard,58,,,,,100,40,,,A,A,,,,17,17,,0.00,0,0,0,0,0,0,Boosts Fundamentalist incantations.,No Skill,,530
Golem Fist,🌐,TRUE,Fist,Standard,269,,,,,100,118,B,E,E,E,,24,8,11,11,,5.00,0,0,0,0,0,0,,Ashes of War,,
Golem Greatbow,🌐,FALSE,Greatbow,Standard,318,,,,,100,150,C,D,,,,24,18,,,,14.50,0,0,0,0,0,0,,Through and Through,,530
Golem's Halberd,🌐,FALSE,Colossal Weapon,Standard,387,,,,,100,134,C,D,,,,36,14,,,,21.50,0,0,0,0,0,0,,Ashes of War,336,596
Grafted Blade Greatsword,🌐,FALSE,Colossal Sword,Standard,396,,,,,100,160,B,D,,,,40,14,,,,21.00,0,0,0,0,0,0,,Oath of Vengeance,384,384
Grafted Dragon,🌐,FALSE,Fist,Standard,218,,139,,,100,104,C,D,,D,,20,14,,16,,2.50,0,0,0,0,0,0,,Bear Witness!,357,357
Grave Scythe,🌐,FALSE,Reaper,Standard,352,,,,,100,120,C,D,,,,17,13,,,,9.50,0,0,55,0,0,0,Raises Vitality by 35.,Ashes of War,324,538
Gravel Stone Seal,🌐,FALSE,Sacred Seal,Standard,43,,,,,100,40,D,,,🢒 S 🢐,,4,,,18,,1.50,0,0,0,0,0,0,Boosts Dragon Cult incantations.,No Skill,,530
Great Club,🌐,FALSE,Colossal Weapon,Standard,377,,,,112,100,190,B,,,D,,35,,,,,17.00,0,0,0,0,0,0,,Ashes of War,327,580
Great Epee,🌐,FALSE,Heavy Thrusting Sword,Standard,303,,,,,124,94,D,C,,,,15,16,,,,9.00,0,0,0,0,0,0,,Ashes of War,279,464
Great Katana,🌐,TRUE,Great Katana,Standard,355,,,,,100,104,D,C,,,,14,18,,,,1.50,0,0,55,0,0,0,,Ashes of War,,
Great Knife,🌐,FALSE,Dagger,Standard,183,,,,,110,60,E,B,,,,6,12,,,,11.50,0,0,38,0,0,0,,Ashes of War,169,280
Great Mace,🌐,FALSE,Warhammer,Standard,328,,,,,100,200,B,,,,,28,,,,,11.00,0,0,0,0,0,0,,Ashes of War,283,502
Great Omenkiller Cleaver,🌐,FALSE,Greataxe,Standard,347,,,,,100,150,C,D,,,,23,12,,,,10.00,0,0,55,0,0,0,,Ashes of War,321,534
Great Stars,🌐,FALSE,Warhammer,Standard,330,,,,,100,182,C,D,,,,22,12,,,,6.50,0,0,55,0,0,0,Restores 1% max HP on hit.,Ashes of War,305,506
Greataxe,🌐,FALSE,Greataxe,Standard,369,,,,,100,168,C,D,,,,30,8,,,,13.00,0,0,0,0,0,0,,Ashes of War,,
Greatbow,🌐,FALSE,Greatbow,Standard,306,,,,,100,150,D,D,,,,20,20,,,,10.00,0,0,0,0,0,0,,Ashes of War,,530
Greathorn Hammer,🌐,FALSE,Warhammer,Standard,328,,,,,100,172,C,D,,,,22,10,,,,10.00,0,0,0,0,0,0,Restores 3% max HP upon defeating an enemy.,Ashes of War,303,502
Greatsword,🌐,FALSE,Colossal Sword,Standard,401,,,,,100,156,B,D,,,,31,12,,,,23.00,0,0,0,0,0,0,,Ashes of War,349,620
Greatsword of Damnation,🌐,TRUE,Greatsword,Standard,301,,,,193,100,124,C,D,,D,,20,15,20,,,8.00,0,0,0,0,0,0,,Golden Crux,,
Greatsword of Radahn (Light),🌐,TRUE,Colossal Sword,Standard,311,200,,,,100,156,C,C,D,,,32,24,15,,,20.00,0,0,0,0,0,0,,Lightspeed Slash,,
Greatsword of Radahn (Lord),🌐,TRUE,Colossal Sword,Standard,311,200,,,,100,156,C,C,D,,,32,24,15,,,16.00,0,0,0,0,0,0,,Promised Consort,,
Greatsword of Solitude,🌐,TRUE,Greatsword,Standard,294,,,,,100,168,A,D,,,,27,,,,,15.50,0,0,0,0,0,0,,Solitary Moon Slash,,
Grossmesser,🌐,FALSE,Curved Sword,Standard,281,,,,,100,98,C,D,,,,14,12,,,,4.50,0,0,0,0,0,0,,Ashes of War,258,428
Guardian's Swordspear,🌐,FALSE,Halberd,Standard,340,,,,,100,128,E,B,,,,17,16,,,,9.00,0,0,0,0,0,0,,Ashes of War,312,518
Halberd,🌐,FALSE,Halberd,Standard,306,,,,,100,122,C,D,,,,14,12,,,,8.00,0,0,0,0,0,0,,Ashes of War,282,468
Halo Scythe,🌐,FALSE,Reaper,Standard,289,,,,186,100,114,D,C,,D,,13,16,,15,,8.50,0,0,55,0,0,0,,Miquella's Ring of Light,475,475
Hammer,🌐,FALSE,Hammer,Standard,303,,,,,100,116,B,D,,,,14,7,,,,6.50,0,0,0,0,0,0,,Ashes of War,261,464
Hand Axe,🌐,FALSE,Axe,Standard,286,,,,,100,106,D,C,,,,9,8,,,,3.50,0,0,0,0,0,0,,Ashes of War,253,420
Hand Ballista,🌐,FALSE,Ballista,Standard,600,,,,,100,150,,,,,,30,14,,,,10.00,0,0,0,0,0,0,,Kick,,530
Hand of Malenia,🌐,FALSE,Katana,Standard,286,,,,,100,90,E,B,,,,16,48,,,,7.00,0,0,50,0,0,0,,Waterfowl Dance,286,286
Harp Bow,🌐,FALSE,Light Bow,Standard,151,,,,,100,40,E,D,,,,9,9,,,,2.00,0,0,0,0,0,0,,Barrage,,530
Heavy Crossbow,🌐,FALSE,Crossbow,Standard,288,,,,,100,66,,,,,,14,10,,,,5.50,0,0,0,0,0,0,,Kick,,530
Helphen's Steeple,🌐,FALSE,Greatsword,Standard,247,247,,,,100,132,C,E,B,,,19,10,22,,,11.50,0,0,0,0,0,0,,Ruinous Ghostflame,494,494
Highland Axe,🌐,FALSE,Axe,Standard,313,,,,,110,112,C,D,,,,12,9,,,,4.50,0,0,0,0,0,0,,Ashes of War,277,460
Hookclaws,🌐,FALSE,Claw,Standard,227,,,,,110,72,D,B,,,,8,14,,,,2.00,0,0,60,0,0,0,,Ashes of War,188,330
Horn Bow,🌐,FALSE,Bow,Standard,159,73,,,,100,60,D,D,E,,,10,14,12,,,4.50,0,0,0,0,0,0,,Ashes of War,,530
Horned Warrior's Greatsword,🌐,TRUE,Curved Greatsword,Standard,318,,,,,100,144,B,D,,D,,19,16,13,,,13.00,0,0,0,0,0,0,,Horn Calling: Storm,,
Horned Warrior's Sword,🌐,TRUE,Curved Sword,Standard,264,,,,,100,102,D,C,,D,,11,14,14,,,5.00,0,0,0,0,0,0,,Horn Calling,,
Hoslow's Petal Whip,🌐,FALSE,Whip,Standard,269,,,,,100,92,D,C,,,,10,20,,,,3.50,0,0,55,0,0,0,,Ashes of War,246,408
Icerind Hatchet,🌐,FALSE,Axe,Standard,281,,,,,100,94,D,B,,,,11,16,,,,3.00,0,65,0,0,0,0,,Hoarfrost Stomp,271,271
Igon's Greatbow,🌐,TRUE,Greatbow,Standard,294,,,,,100,150,C,E,,,,23,16,,,,12.50,0,0,0,0,0,0,Enhances the power of Igon's Harpoon,Igon's Drake Hunt,,
Inquisitor's Girandole,🌐,FALSE,Spear,Standard,249,,161,,,100,88,C,C,,B,,18,15,,16,,7.50,0,0,50,0,0,0,,Charge Forth,410,410
Inseparable Sword,🌐,FALSE,Greatsword,Standard,240,,,,240,100,132,D,D,,B,,18,18,,20,,10.00,0,0,0,0,0,0,,Sacred Blade,480,480
Iron Ball,🌐,FALSE,Fist,Standard,247,,,,,100,110,C,D,,,,11,8,,,,2.50,0,0,0,0,0,0,,Ashes of War,211,374
Iron Cleaver,🌐,FALSE,Axe,Standard,306,,,,,100,122,B,D,,,,15,7,,,,6.00,0,0,0,0,0,0,,Ashes of War,253,448
Iron Greatsword,🌐,FALSE,Greatsword,Standard,365,,,,,100,140,B,E,,,,18,10,,,,12.00,0,0,0,0,0,0,,Ashes of War,316,533
Iron Spear,🌐,FALSE,Spear,Standard,279,,,,,100,80,C,D,,,,13,11,,,,4.50,0,0,0,0,0,0,,Ashes of War,256,424
Ivory Sickle,🌐,FALSE,Dagger,Standard,147,147,,,,100,56,D,C,C,,,6,11,13,,,2.00,0,0,0,0,0,0,,Quickstep,294,294
Jar Cannon,🌐,FALSE,Ballista,Standard,672,,,,,100,180,,,,,,34,12,,,,15.00,0,0,0,0,0,0,,Kick,,530
Jawbone Axe,🌐,FALSE,Axe,Standard,318,,,,,100,122,B,D,,,,14,8,,,,5.50,0,0,0,0,0,0,,Ashes of War,261,464
Katar,🌐,FALSE,Fist,Standard,237,,,,,110,100,D,C,,,,8,10,,,,2.50,0,0,0,0,0,0,,Ashes of War,218,362
Knight's Greatsword,🌐,FALSE,Greatsword,Standard,345,,,,,100,126,D,C,,,,16,12,,,,10.00,0,0,0,0,0,0,,Ashes of War,319,530
Lamenting Visage,🌐,TRUE,Torch,Standard,173,,,,,100,104,A,,,,,9,,,,,2.00,0,0,0,0,0,0,,Blindfold of Happiness,,
Lance,🌐,FALSE,Great Spear,Standard,301,,,,,100,122,C,C,,,,20,14,,,,9.00,0,0,0,0,0,0,,Ashes of War,277,460
Large Club,🌐,FALSE,Warhammer,Standard,320,,,,,100,154,B,,,,,22,,,,,8.50,0,0,0,0,0,0,,Ashes of War,279,494
Lazuli Glintstone Sword,🌐,FALSE,Straight Sword,Standard,193,230,,,,100,94,C,D,D,,,8,9,13,,,3.50,0,0,0,0,0,0,,Glintstone Pebble,423,423
Leda's Sword,🌐,TRUE,Light Greatsword,Standard,247,,,,159,100,112,D,B,,D,,11,22,,19,,7.50,0,0,0,0,0,0,,Needle Piercer,,
Light Crossbow,🌐,FALSE,Crossbow,Standard,260,,,,,100,60,,,,,,12,8,,,,4.00,0,0,0,0,0,0,,Kick,,530
Lightning Perfume Bottle,🌐,TRUE,Perfume Bottle,Standard,,,,269,,100,84,,C,,C,,3,16,14,,,1.00,0,0,0,0,0,0,,Ashes of War,,
Lion Greatbow,🌐,FALSE,Greatbow,Standard,294,,,,,100,150,D,D,,,,22,18,,,,9.50,0,0,0,0,0,0,,Radahn's Rain,,530
Lizard Greatsword,🌐,TRUE,Greatsword,Standard,343,,,,,100,134,D,C,,,,12,14,,,,9.50,0,0,0,0,0,0,Strong attacks fire the forked Tongue.,Ashes of War,,
Longbow,🌐,FALSE,Bow,Standard,196,,,,,100,60,D,D,,,,9,14,,,,4.00,0,0,0,0,0,0,,Ashes of War,,530
Longhaft Axe,🌐,FALSE,Greataxe,Standard,357,,,,,100,156,C,D,,,,24,8,,,,12.50,0,0,0,0,0,0,,Ashes of War,331,548
Longsword,🌐,FALSE,Straight Sword,Standard,269,,,,,100,90,C,D,,,,10,10,,,,3.50,0,0,0,0,0,0,,Ashes of War,246,408
Lordsworn's Greatsword,🌐,FALSE,Greatsword,Standard,333,,,,,110,126,C,D,,,,16,10,,,,9.00,0,0,0,0,0,0,,Ashes of War,307,510
Lordsworn's Straight Sword,🌐,FALSE,Straight Sword,Standard,281,,,,,110,90,D,D,,,,10,10,,,,3.50,0,0,0,0,0,0,,Ashes of War,258,428
Loretta's War Sickle,🌐,FALSE,Halberd,Standard,269,173,,,,100,128,C,C,C,,,20,15,20,,,10.00,0,0,0,0,0,0,,Loretta's Slash,442,442
Lucerne,🌐,FALSE,Halberd,Standard,296,,,,,100,122,D,B,,,,15,12,,,,7.00,0,0,0,0,0,0,,Ashes of War,272,452
Lusat's Glintstone Staff,🌐,FALSE,Glintstone Staff,Standard,58,,,,,100,42,C,,🢒 S 🢐,,,10,,52,,,4.00,0,0,0,0,0,0,,No Skill,,530
Mace,🌐,FALSE,Hammer,Standard,281,,,,,100,112,C,D,,,,12,7,,,,4.50,0,0,0,0,0,0,,Ashes of War,283,428
Madding Hand,🌐,TRUE,Fist,Standard,129,,154,,,100,94,D,D,D,D,,8,8,13,20,,1.00,0,0,0,55,0,0,Raises attack power when Madness is triggered in the vicinity,Madding Spear-Hand Strike,,
Magma Blade,🌐,FALSE,Curved Sword,Standard,235,,151,,,100,98,C,D,,C,,9,15,,16,,4.00,0,0,0,0,0,0,,Magma Shower,386,386
Magma Whip Candlestick,🌐,FALSE,Whip,Standard,176,,176,,,100,88,D,B,,C,,8,16,,18,,2.50,0,0,0,0,0,0,,Sea of Magma,352,352
Magma Wyrm's Scalesword,🌐,FALSE,Curved Greatsword,Standard,279,,181,,,100,140,B,D,,B,,24,15,,18,,15.00,0,0,0,0,0,0,,Magma Guillotine,460,460
Main-gauche,🌐,TRUE,Dagger,Standard,193,,,,,110,62,D,B,,,,7,15,,,,2.50,0,0,0,0,0,0,,Ashes of War,,
Maliketh's Black Blade,🌐,FALSE,Colossal Sword,Standard,311,,,,200,100,156,B,D,,B,,34,12,,20,,22.00,0,0,0,0,0,0,,Destined Death,511,511
Mantis Blade,🌐,FALSE,Curved Sword,Standard,274,,,,,100,94,D,C,,,,10,12,,,,4.00,0,0,0,0,0,0,,Ashes of War,251,416
Marais Executioner's Sword,🌐,FALSE,Greatsword,Standard,230,149,,,,100,138,B,E,,,D,24,14,,,23,11.50,0,0,0,0,0,0,,Eochaid's Dancing Blade,379,379
Marika's Hammer,🌐,FALSE,Hammer,Standard,247,,,,159,100,116,B,D,,C,,20,12,,19,,6.00,0,0,0,0,0,0,,Gold Breaker,406,406
Maternal Staff,🌐,TRUE,Glinstone Staff,Standard,45,,,,,100,44,D,,A,,A,7,,21,,21,2.50,0,0,0,0,0,0,Enhances Finger sorcery,Ashes of War,,
Messmer Soldier's Axe,🌐,TRUE,Axe,Standard,325,,,,,100,122,C,C,,,,14,10,,,,5.50,0,0,0,0,0,0,,Ashes of War,,
Messmer Soldier's Spear,🌐,TRUE,Great Spear,Standard,298,,,,,100,124,C,C,,,,19,16,,,,8.50,0,0,0,0,0,0,,Ashes of War,,
Meteoric Ore Blade,🌐,FALSE,Katana,Standard,274,176,,,,100,104,C,D,C,,,15,14,18,,,7.50,0,0,50,0,0,0,,Gravitas,450,450
Meteorite Staff,🌐,FALSE,Glintstone Staff,Standard,30,,,,,,,D,,🢒 S 🢐,,,6,,18,,,4.50,0,0,0,0,0,0,Boosts Gravity sorcery.,No Skill,,530
Milady,🌐,TRUE,Light Greatsword,Standard,284,,,,,100,106,D,C,,,,12,17,,,,6.50,0,0,0,0,0,0,,Ashes of War,,
Miquellan Knight's Sword,🌐,FALSE,Straight Sword,Standard,257,,,,166,100,90,D,D,,D,,11,11,,16,,3.50,0,0,0,0,0,0,,Sacred Blade,423,423
Misbegotten Shortbow,🌐,FALSE,Light Bow,Standard,166,,,,,100,40,D,E,,,,16,8,,,,3.00,0,0,0,0,0,0,,Ashes of War,,530
Misericorde,🌐,FALSE,Dagger,Standard,225,,,,,140,56,E,C,,,,7,12,,,,2.00,0,0,0,0,0,0,,Ashes of War,206,342
Mohgwyn's Sacred Spear,🌐,FALSE,Great Spear,Standard,235,,151,,,100,128,C,D,,,C,24,14,,,27,10.00,0,0,55,0,0,0,,Bloodboon Ritual,386,386
Monk's Flameblade,🌐,FALSE,Curved Greatsword,Standard,328,,,,,100,122,D,C,,,,18,18,,,,9.00,0,0,0,0,0,0,,Ashes of War,300,498
Monk's Flamemace,🌐,FALSE,Hammer,Standard,308,,,,,100,112,D,B,,,,13,13,,,,6.00,0,0,0,0,0,0,,Ashes of War,282,468
Moonrithyll's Knight Sword,🌐,TRUE,Colossal Sword,Standard,303,196,,,,100,150,C,C,D,,,20,14,18,,,18.00,0,0,0,0,0,0,,Tremendous Phalanx,,
Moonveil,🌐,FALSE,Katana,Standard,178,213,,,,100,90,E,B,B,,,12,18,23,,,6.50,0,0,50,0,0,0,,Transient Moonlight,391,391
Morgott's Cursed Sword,🌐,FALSE,Curved Greatsword,Standard,294,,,,,110,96,D,B,,,D,14,35,,,17,7.50,0,0,60,0,0,0,,Cursed-Blood Slice,294,294
Morning Star,🌐,FALSE,Hammer,Standard,289,,,,,100,116,C,D,,,,12,8,,,,5.00,0,0,50,0,0,0,,Ashes of War,265,440
Nagakiba,🌐,FALSE,Katana,Standard,281,,,,,100,90,D,B,,,,18,22,,,,7.00,0,0,45,0,0,0,,Ashes of War,258,428
Nanaya's Torch,🌐,TRUE,Torch,Standard,134,,242,,,100,102,E,E,E,E,,10,10,14,16,,3.50,0,0,0,65,0,0,,Feeble Lord's Frenzied Flame,,
Nightrider Flail,🌐,FALSE,Flail,Standard,281,,,,,100,116,D,B,,,,10,24,,,,6.00,0,0,50,0,0,0,,Ashes of War,251,416
Nightrider Glaive,🌐,FALSE,Halberd,Standard,316,,,,,100,140,B,E,,,,26,10,,,,12.00,0,0,0,0,0,0,,Ashes of War,270,478
Noble's Estoc,🌐,FALSE,Thrusting Sword,Standard,254,,,,,100,60,D,D,,,,9,10,,,,3.50,0,0,0,0,0,0,,Ashes of War,232,386
Noble's Slender Sword,🌐,FALSE,Straight Sword,Standard,247,,,,,110,80,E,B,,,,8,11,,,,3.50,0,0,0,0,0,0,,Ashes of War,225,374
Nox Flowing Hammer,🌐,FALSE,Hammer,Standard,298,,,,,100,116,B,D,,,,17,7,,,,6.50,0,0,0,0,0,0,,Flowing Form,298,298
Nox Flowing Sword,🌐,FALSE,Curved Sword,Standard,274,,,,,100,80,D,B,,,,8,15,,,,3.50,0,0,0,0,0,0,,Flowing Form,274,274
Obsidian Lamina,🌐,TRUE,Reaper,Standard,294,,,,,100,104,E,B,,,D,12,25,,,17,6.50,0,0,55,0,0,0,,Dynastic Sickleplay,,
Omen Cleaver,🌐,FALSE,Curved Greatsword,Standard,347,,,,,100,128,C,C,,,,19,16,,,,11.50,0,0,0,0,0,0,,Ashes of War,319,530
Onyx Lord's Greatsword,🌐,FALSE,Curved Greatsword,Standard,289,186,,,,100,128,B,E,B,,,20,16,16,,,11.50,0,0,0,0,0,0,,Onyx Lord's Repulsion,475,475
Ordovis's Greatsword,🌐,FALSE,Greatsword,Standard,262,,,,169,100,134,A,E,,C,,25,13,,15,,12.00,0,0,0,0,0,0,,Ordovis's Vortex,431,431
Ornamental Straight Sword,🌐,FALSE,Straight Sword,Standard,247,,,,,110,84,D,B,,,,10,14,,,,3.00,0,0,0,0,0,0,,Golden Tempering,247,247
Parrying Dagger,🌐,FALSE,Dagger,Standard,183,,,,,110,60,E,B,,,,5,14,,,,1.50,0,0,0,0,0,0,,Ashes of War,169,280
Partisan,🌐,FALSE,Spear,Standard,301,,,,,100,84,C,D,,,,15,12,,,,6.50,0,0,0,0,0,0,,Ashes of War,277,460
Pata,🌐,TRUE,Fist,Standard,254,,,,,110,104,D,C,,,,11,15,,,,4.00,0,0,0,0,0,0,,Ashes of War,,
Pest's Glaive,🌐,FALSE,Halberd,Standard,294,,,,,100,114,D,C,,,,13,13,,,,7.00,0,0,0,0,0,0,Increases Elemental Damage negation (+2%).,Ashes of War,270,448
Pickaxe,🌐,FALSE,Warhammer,Standard,352,,,,,100,190,C,D,,,,22,10,,,,10.00,0,0,0,0,0,0,,Ashes of War,305,542
Pike,🌐,FALSE,Spear,Standard,281,,,,,100,82,C,D,,,,20,14,,,,7.50,0,0,0,0,0,0,,Ashes of War,258,428
Poisoned Hand,🌐,TRUE,Fist,Standard,186,,,,,100,94,E,,,,A,8,8,,,28,1.00,0,0,0,0,60,0,Raises attack power when poisoning occurs in the vicinity,Poison Spear-Hand Strike,,
Poleblade of the Bud,🌐,TRUE,Halberd,Standard,320,,,,,100,122,E,D,,,B,14,22,,,20,10.00,55,0,0,0,0,0,Attacks increase Scarlet Rot buildup,Romina's Purification,,
Prelate's Inferno Crozier,🌐,FALSE,Colossal Weapon,Standard,382,,,,,100,210,B,E,,,,45,8,,,,23.50,0,0,0,0,0,0,,Ashes of War,332,588
Prince of Death's Staff,🌐,FALSE,Glintstone Staff,Standard,43,,,,,100,40,D,,A,A,,6,,18,18,,3.00,0,0,0,0,0,0,Boosts Death sorcery.,No Skill,,530
Pulley Bow,🌐,FALSE,Bow,Standard,188,,,,,100,60,D,D,,,,11,11,,,,5.00,0,0,0,0,0,0,Enhanced range.,Mighty Shot,,530
Pulley Crossbow,🌐,FALSE,Crossbow,Standard,146,,,,,100,60,,,,,,16,16,,,,4.00,0,0,0,0,0,0,FIres 3 bolts at a time.,Kick,,530
Putrescence Cleaver,🌐,TRUE,Greataxe,Standard,345,102,,,,100,176,C,E,,,C,28,10,,,15,13.50,0,55,0,0,0,0,,Spinning Guillotine,,
Queelign's Greatsword,🌐,TRUE,Greatsword,Standard,298,,88,,,100,92,D,C,,D,,14,15,,12,,7.50,0,0,0,0,0,0,,Ashes of War,,
Rabbath's Cannon,🌐,TRUE,Ballista,Standard,472,472,,,,100,140,,,,,,28,16,,,,15.00,0,0,0,0,0,0,,Kick,,
Rakshasa's Great Katana,🌐,TRUE,Great Katana,Standard,379,,,,,100,104,D,B,,,,12,27,,,,9.50,0,0,55,0,0,0,"The wielder is less likely to be staggered from counterattacks, but also takes increased damage.",Weed Cutter,,
Rapier,🌐,FALSE,Thrusting Sword,Standard,235,,,,,130,60,D,B,,,,7,12,,,,2.50,0,0,0,0,0,0,,Ashes of War,216,358
Raptor Talons,🌐,FALSE,Claw,Standard,210,,,,,110,68,E,B,,,,6,14,,,,1.50,0,0,60,0,0,0,,Ashes of War,185,308
Red Bear's Claw,🌐,TRUE,Beast Claw,Standard,254,,,,,100,78,B,D,,,,20,10,,,,4.00,0,0,45,0,0,0,,Red Bear Hunt,,
Red Branch Shortbow,🌐,FALSE,Light Bow,Standard,159,,,,,100,40,E,D,,,,8,16,,,,2.50,0,0,0,0,0,0,,Ashes of War,,530
Reduvia,🌐,FALSE,Dagger,Standard,193,,,,,110,62,E,C,,,B,5,13,,,13,2.50,0,0,50,0,0,0,,Reduvia Blood Blade,193,193
Regalia of Eochaid,🌐,FALSE,Straight Sword,Standard,218,139,,,,100,108,D,C,,,C,12,18,,,15,5.50,0,0,0,0,0,0,,Eochaid's Dancing Blade,357,357
Rellana's Twin Blades,🌐,TRUE,Light Greatsword,Standard,252,161,161,,,100,114,C,C,C,C,,13,16,16,16,,8.00,0,0,0,0,0,0,,Moon-and-Fire Stance,,
Repeating Crossbow,🌐,TRUE,Crossbow,Standard,259,,,,,100,68,,,,,,13,15,,,,6.00,0,0,0,0,0,0,,Repeating Fire,,
Ringed Finger,🌐,FALSE,Hammer,Standard,296,,,,,100,94,B,D,,,,17,7,,,,4.50,0,0,0,0,0,0,,Claw Flick,296,296
Ripple Blade,🌐,FALSE,Axe,Standard,183,,,,,100,112,,,,,🢒 S 🢐,11,11,,,20,4.50,0,0,0,0,0,0,,Wild Strikes,283,283
Ripple Crescent Halberd,🌐,FALSE,Halberd,Standard,210,,,,,100,124,,,,,🢒 S 🢐,12,12,,,20,8.50,0,0,0,0,0,0,,Spinning Slash,210,210
Rivers of Blood,🌐,FALSE,Katana,Standard,186,,186,,,100,90,E,B,,,D,12,18,,,20,6.50,0,0,50,0,0,0,,Corpse Piler,372,372
Rogier's Rapier,🌐,FALSE,Thrusting Sword,Standard,227,,,,,110,62,E,B,,,,8,17,,,,3.50,0,0,0,0,0,0,,Ashes of War,209,346
Rosus' Axe,🌐,FALSE,Axe,Standard,274,176,,,,100,116,B,D,C,,,18,10,18,,,5.50,0,0,0,0,0,0,,Rosus's Summons,425,425
Rotten Battle Hammer,🌐,FALSE,Warhammer,Standard,308,,,,,100,194,B,E,,,,26,8,,,,10.00,65,0,0,0,0,0,,Ashes of War,268,474
Rotten Crystal Spear,🌐,FALSE,Spear,Standard,254,75,,,,100,80,D,B,D,,,10,16,16,,,5.50,55,0,0,0,0,0,,Charge Forth,329,329
Rotten Crystal Staff,🌐,FALSE,Glintstone Staff,Standard,102,,,,,100,46,C,,🢒 S 🢐,,,8,,48,,,4.50,50,0,0,0,0,0,Boosts Crystalian sorcery.,No Skill,,530
Rotten Crystal Sword,🌐,FALSE,Straight Sword,Standard,249,161,,,,100,98,C,D,D,,,13,10,15,,,4.50,50,0,0,0,0,0,,Spinning Slash,410,410
Rotten Greataxe,🌐,FALSE,Colossal Weapon,Standard,396,,,,,100,156,D,B,,,,30,10,,,,20.00,65,0,0,0,0,0,,Ashes of War,368,612
Rotten Staff,🌐,FALSE,Colossal Weapon,Standard,404,,,,,100,200,B,D,,,,34,8,,,,18.00,75,0,0,0,0,0,,Erdtree Slam,404,404
Royal Greatsword,🌐,FALSE,Colossal Sword,Standard,274,328,,,,100,150,C,D,C,,,26,18,22,,,20.00,0,0,0,0,0,0,,Wolf´s Assault,602,602
Ruins Greatsword,🌐,FALSE,Colossal Sword,Standard,303,90,,,,100,168,🢒 S 🢐,,D,,,50,,16,,,23.00,0,0,0,0,0,0,,Wave of Destruction,393,393
Rusted Anchor,🌐,FALSE,Greataxe,Standard,360,,,,,100,164,B,E,,,,26,9,,,,12.50,0,0,0,0,0,0,,Ashes of War,312,552
Sacred Relic Sword,🌐,FALSE,Greatsword,Standard,289,,,,186,110,112,D,B,,C,,14,24,,22,,11.00,0,0,0,0,0,0,,Wave of Gold,475,475
Sacrificial Axe,🌐,FALSE,Axe,Standard,325,,,,,100,122,C,D,,,,16,10,,,,5.50,0,0,0,0,0,0,Restores 4 FP upon defeating an enemy.,Ashes of War,286,474
Scavenger's Curved Sword,🌐,FALSE,Curved Sword,Standard,257,,,,,100,84,C,C,,,,9,14,,,,3.50,0,0,45,0,0,0,,Ashes of War,235,390
Scepter of the All-Knowing,🌐,FALSE,Hammer,Standard,242,156,,,,100,84,D,C,C,,,12,18,21,,,4.50,0,0,0,0,0,0,,Knowledge Above All,398,398
Scimitar,🌐,FALSE,Curved Sword,Standard,259,,,,,100,90,D,C,,,,7,13,,,,3.00,0,0,0,0,0,0,,Ashes of War,237,392
Scorpion's Stinger,🌐,FALSE,Dagger,Standard,193,,,,,110,62,D,B,,,,6,12,,,,2.50,50,0,0,0,0,0,,Repeating Thrust,193,193
Scythe,🌐,FALSE,Reaper,Standard,306,,,,,100,110,D,B,,,,14,14,,,,7.50,0,0,55,0,0,0,,Ashes of War,282,468
Sentry's Torch,🌐,FALSE,Torch,Standard,137,,,,245,100,120,D,E,,C,,15,8,,15,,5.00,0,0,0,0,0,0,Reveals invisible enemies.,Torch Attack,382,382
Serpent Bow,🌐,FALSE,Bow,Standard,183,,,,,100,60,D,D,,,D,8,15,,,11,3.50,0,0,0,0,0,0,Adds 15 Poison to all arrows.,Mighty Shot,,530
Serpent Flail,🌐,TRUE,Flail,Standard,188,,225,,,100,116,E,C,,B,,10,24,,21,,6.00,0,0,0,0,0,0,,"Flare, O Serpent",,
Serpent-God's Curved Sword,🌐,FALSE,Curved Sword,Standard,276,,,,,100,98,C,D,,,,13,9,,,,4.00,0,0,0,0,0,0,Restores 60 HP upon defeating an enemy.,Ashes of War,237,420
Serpent-Hunter,🌐,FALSE,Great Spear,Standard,271,,,,,100,146,A,E,,,,,,,,,12.00,0,0,0,0,0,0,,Great-Serpent Hunt,271,271
Serpentbone Blade,🌐,FALSE,Katana,Standard,294,,,,,100,84,E,B,,,,11,22,,,,6.00,0,0,0,0,66,0,,Double Slash,294,294
Shadow Sunflower Blossom,🌐,TRUE,Colossal Weapon,Standard,279,,,,279,100,184,C,E,,B,,24,8,,25,,16.00,0,0,0,0,0,0,,Shadow Sunflower Headbutt,,
Shamshir,🌐,FALSE,Curved Sword,Standard,264,,,,,100,90,D,C,,,,7,13,,,,3.50,0,0,0,0,0,0,,Ashes of War,242,400
Short Spear,🌐,FALSE,Spear,Standard,274,,,,,100,80,D,C,,,,10,10,,,,4.00,0,0,0,0,0,0,,Ashes of War,251,416
Short Sword,🌐,FALSE,Straight Sword,Standard,249,,,,,100,90,D,C,,,,8,10,,,,3.00,0,0,0,0,0,0,,Ashes of War,227,378
Shortbow,🌐,FALSE,Light Bow,Standard,159,,,,,100,40,D,D,,,,8,10,,,,2.50,0,0,0,0,0,0,,Ashes of War,,530
Shotel,🌐,FALSE,Curved Sword,Standard,235,,,,,100,86,D,C,,,,9,19,,,,2.00,0,0,0,0,0,0,,Ashes of War,216,358
Siluria's Tree,🌐,FALSE,Great Spear,Standard,220,,,,220,100,128,B,D,,C,,27,13,,20,,10.00,0,0,0,0,0,0,,Siluria's Woe,440,440
Smithscript Axe,🌐,TRUE,Axe,Standard,320,,,,,100,120,C,D,E,E,,13,10,11,11,,5.00,0,0,0,0,0,0,,Ashes of War,,
Smithscript Cirque,🌐,TRUE,Backhand Blade,Standard,245,,,,,100,90,D,C,E,E,,9,14,11,11,,2.00,0,0,0,0,0,0,,Ashes of War,,
Smithscript Dagger,🌐,TRUE,Throwing Blade,Standard,151,,,,,100,60,D,B,E,E,,5,11,11,11,,1.50,0,0,0,0,0,0,,Ashes of War,,
Smithscript Greathammer,🌐,TRUE,Great Hammer,Standard,345,,,,,100,200,C,E,E,E,,20,10,11,11,,9.00,0,0,0,0,0,0,,Ashes of War,,
Smithscript Spear,🌐,TRUE,Spear,Standard,262,,,,,100,72,D,C,E,E,,9,12,11,11,,4.00,0,0,0,0,0,0,,Ashes of War,,
Soldier's Crossbow,🌐,FALSE,Crossbow,Standard,240,,,,,100,56,,,,,,10,8,,,,3.50,0,0,0,0,0,0,,Kick,,530
Spear,🌐,FALSE,Spear,Standard,279,,,,,100,80,D,C,,,,12,15,,,,4.50,0,0,0,0,0,0,,Ashes of War,256,424
Spear of the Impaler,🌐,TRUE,Great Spear,Standard,208,,249,,,100,122,E,B,,C,,14,35,,18,,9.50,0,0,0,0,0,0,Can be charged to produce flame on impact.,Messmer's Assault,,
Spiked Caestus,🌐,FALSE,Fist,Standard,222,,,,,100,100,C,C,,,,8,10,,,,2.00,0,0,45,0,0,0,,Ashes of War,204,338
Spiked Club,🌐,FALSE,Hammer,Standard,279,,,,,100,106,C,C,,,,12,7,,,,5.00,0,0,50,0,0,0,,Ashes of War,256,424
Spiked Spear,🌐,FALSE,Spear,Standard,294,,,,,100,80,D,D,,,,14,16,,,,6.00,0,0,50,0,0,0,,Ashes of War,270,448
Spiraltree Seal,🌐,TRUE,Sacred Seal,Standard,43,,,,,100,40,D,,,🢒 S 🢐,,8,,,17,,1.50,0,0,0,0,0,0,,Ashes of War,,
Spirit Glaive,🌐,TRUE,Halberd,Standard,296,88,,,,100,118,D,C,D,,,14,17,16,,,6.50,0,0,0,0,0,0,,Rancor Slash,,
Spirit Sword,🌐,TRUE,Curved Sword,Standard,225,144,,,,100,90,E,C,C,,,8,16,16,,,2.50,0,0,0,0,0,0,,Rancor Slash,,
Spread Crossbow,🌐,TRUE,Crossbow,Standard,272,,,,,100,64,,,,,,11,17,,,,5.00,0,0,0,0,0,0,Fires 10 bolts at a time.,Kick,,
St. Trina's Torch,🌐,FALSE,Torch,Standard,124,,222,,,100,104,D,D,,C,,10,10,,14,,3.00,0,0,0,0,0,72,,Fires of Slumber,346,346
Staff of Loss,🌐,FALSE,Glintstone Staff,Standard,38,,,,,100,38,D,D,🢒 S 🢐,,,6,12,14,,,2.50,0,0,0,0,0,0,Boosts Invisibility sorcery.,No Skill,,530
Staff of the Avatar,🌐,FALSE,Colossal Weapon,Standard,276,,,,178,100,210,A,D,,B,,34,8,,24,,20.00,0,0,0,0,0,0,,Erdtree Slam,454,454
Staff of the Great Beyond,🌐,TRUE,Glinstone Staff,Standard,66,,,,,100,44,D,,B,B,,7,,25,25,,2.50,0,0,0,0,0,0,,Ashes of War,,
Staff of the Guilty,🌐,FALSE,Glintstone Staff,Standard,66,,,,,100,46,C,,,🢒 S 🢐,,8,,,12,,4.50,0,0,45,0,0,0,Boosts Thorn sorcery.,No Skill,,530
Star Fist,🌐,FALSE,Fist,Standard,257,,,,,100,112,C,D,,,,12,8,,,,3.00,0,0,45,0,0,0,,Ashes of War,220,390
Star-Lined Sword,🌐,TRUE,Katana,Standard,200,200,,,,100,86,D,B,D,,,10,23,21,,,5.00,0,0,45,0,0,0,,Onze's Line of Stars,,
Starscourge Greatsword,🌐,FALSE,Colossal Sword,Standard,316,203,,,,100,156,B,D,D,,,38,12,15,,,20.00,0,0,0,0,0,0,,Starcaller Cry,519,519
Steel-Wire Torch,🌐,FALSE,Torch,Standard,149,,267,,,100,104,D,B,,,,10,8,,,,3.00,0,0,0,0,0,0,,Firebreather,416,416
Stone Club,🌐,FALSE,Hammer,Standard,298,,,,,100,130,B,E,,,,16,8,,,,7.00,0,0,0,0,0,0,,Ashes of War,257,456
Stone-Sheathed Sword,🌐,TRUE,Straight Sword,Standard,218,,,,,100,122,B,D,,,,16,8,,,,5.00,0,0,0,0,0,0,,Square Off,,
Stormhawk Axe,🌐,FALSE,Axe,Standard,333,,,,,100,116,C,C,,,,19,15,,,,5.50,0,0,0,0,0,0,,Thunderstorm,318,318
Swift Spear,🌐,TRUE,Spear,Standard,242,,,,,100,80,,B,,,,10,26,,,,3.00,0,0,0,0,0,0,,Ashes of War,,
Sword Lance,🌐,TRUE,Heavy Thrusting Sword,Standard,323,,,,,100,110,B,E,,,,21,11,,,,9.00,0,0,0,0,0,0,,Ashes of War,,
Sword of Darkness,🌐,TRUE,Straight Sword,Standard,227,,,,227,100,94,C,D,,D,,14,11,,24,,4.00,0,0,0,0,0,0,,Darkness,,
Sword of Light,🌐,TRUE,Straight Sword,Standard,227,,,,227,100,94,C,D,,D,,14,11,,24,,4.00,0,0,0,0,0,0,,Light,,
Sword of Milos,🌐,FALSE,Greatsword,Standard,345,,,,,100,126,C,C,,,,15,19,,,,10.00,0,0,55,0,0,0,Restores 5 FP upon defeating an enemy.,Shriek of Milos,345,345
Sword of Night,🌐,TRUE,Katana,Standard,269,80,,,,100,84,,B,,,,11,20,,,,6.50,0,0,45,0,0,0,Cannot be fully guarded against,Witching Hour Slash,,
Sword of Night and Flame,🌐,FALSE,Straight Sword,Standard,213,137,137,,,100,94,D,D,B,B,,12,12,24,24,,4.00,0,0,0,0,0,0,,Night-and-Flame Stance,487,487
Sword of St. Trina,🌐,FALSE,Straight Sword,Standard,262,78,,,,100,90,D,C,D,,,10,12,14,,,3.00,0,0,0,0,0,66,,Mists of Slumber,340,340
Thiollier's Hidden Needle,🌐,TRUE,Fist,Standard,171,110,,,,100,90,D,B,C,,,10,22,15,,,0.50,0,0,0,0,0,42,,Sleep Evermore,,
Thorned Whip,🌐,FALSE,Whip,Standard,249,,,,,100,84,D,B,,,,8,16,,,,2.50,0,0,50,0,0,0,,Ashes of War,227,378
Tooth Whip,🌐,TRUE,Whip,Standard,267,,,,,100,92,D,B,,,,10,24,,,,3.00,0,0,0,0,66,0,,Painful Strike,,
Torch,🌐,FALSE,Torch,Standard,132,,237,,,100,84,C,D,,,,5,5,,,,1.50,0,0,0,0,0,0,,Torch Attack,369,369
Torchpole,🌐,FALSE,Spear,Standard,254,,75,,,100,72,C,C,,,,14,15,,,,6.00,0,0,0,0,0,0,,Charge Forth,329,329
Treespear,🌐,FALSE,Great Spear,Standard,298,,,,193,100,122,D,C,,D,,15,22,,18,,9.50,0,0,0,0,0,0,,Sacred Order,491,491
Troll Knight's Sword,🌐,FALSE,Colossal Sword,Standard,303,196,,,,100,150,C,C,D,,,20,14,18,,,18.00,0,0,0,0,0,0,,Troll's Roar,499,499
Troll's Golden Sword,🌐,FALSE,Colossal Sword,Standard,379,,,,,100,152,C,D,,,,29,10,,,,19.00,0,0,0,0,0,0,,Ashes of War,352,584
Troll's Hammer,🌐,FALSE,Colossal Weapon,Standard,374,,110,,,100,184,B,E,,D,,28,8,,10,,16.00,0,0,0,0,0,0,,Troll's Roar,484,484
Twinblade,🌐,FALSE,Twinblade,Standard,291,,,,,100,90,D,C,,,,10,18,,,,7.00,0,0,0,0,0,0,,Ashes of War,267,444
Twinned Knight Swords,🌐,FALSE,Twinblade,Standard,298,,,,,100,94,C,D,,,,16,18,,,,8.00,0,0,0,0,0,0,,Ashes of War,274,456
Uchigatana,🌐,FALSE,Katana,Standard,281,,,,,100,90,D,C,,,,11,15,,,,5.50,0,0,45,0,0,0,,Ashes of War,258,428
Urumi,🌐,FALSE,Whip,Standard,247,,,,,100,92,E,B,,,,10,19,,,,3.00,0,0,0,0,0,0,,Ashes of War,225,374
Varre's Bouquet,🌐,FALSE,Hammer,Standard,112,,,,,100,100,E,C,,,B,8,16,,,24,2.00,0,0,65,0,0,0,,Blood Tax,112,112
Velvet Sword of St. Trina,🌐,TRUE,Straight Sword,Standard,232,149,,,,110,82,D,D,D,,,10,12,14,,,2.50,0,0,0,0,0,42,,Mists of Eternal Sleep,,
Venomous Fang,🌐,FALSE,Claw,Standard,237,,,,,100,78,D,C,,,,9,9,,,,2.50,0,0,0,0,72,0,,Ashes of War,206,342
Veteran's Prosthesis,🌐,FALSE,Fist,Standard,203,,,129,,100,110,C,D,,,,15,12,,,,4.00,0,0,0,0,0,0,,Storm Kick,332,332
Vulgar Militia Saw,🌐,FALSE,Halberd,Standard,308,,,,,100,128,D,C,,,,15,13,,,,8.00,0,0,55,0,0,0,,Ashes of War,282,468
Vulgar Militia Shotel,🌐,FALSE,Halberd,Standard,296,,,,,100,128,E,B,,,,14,16,,,,8.00,0,0,0,0,0,0,,Ashes of War,272,452
Vyke's War Spear,🌐,FALSE,Great Spear,Standard,252,,161,,,100,122,D,B,,C,,16,20,,18,,8.00,0,0,0,65,0,0,,Frenzyflame Thrust,413,413
Wakizashi,🌐,FALSE,Dagger,Standard,230,,,,,100,66,D,C,,,,9,13,,,,3.00,0,0,38,0,0,0,,Ashes of War,211,350
Warhawk's Talon,🌐,FALSE,Straight Sword,Standard,247,,,,,100,84,D,B,,,,10,16,,,,3.00,0,0,0,0,0,0,,Ashes of War,225,374
Warped Axe,🌐,FALSE,Axe,Standard,303,,,,,100,128,B,,,,,24,8,,,,7.50,0,0,0,0,0,0,,Ashes of War,250,444
Warpick,🌐,FALSE,Hammer,Standard,264,,,,,100,106,C,C,,,,11,9,,,,2.50,0,0,0,0,0,0,,Ashes of War,242,400
Watchdog's Greatsword,🌐,FALSE,Colossal Sword,Standard,347,,,,,100,164,B,E,,,,30,10,,,,22.00,0,0,0,0,0,0,,Ashes of War,301,534
Watchdog's Staff,🌐,FALSE,Colossal Weapon,Standard,404,,,,,100,200,C,D,,,,34,10,,,,19.00,0,0,0,0,0,0,,Sorcery of the Crozier,404,404
Weathered Straight Sword,🌐,FALSE,Straight Sword,Standard,252,,,,,100,90,D,C,,,,7,10,,,,3.00,0,0,0,0,0,0,,Ashes of War,230,382
Whip,🌐,FALSE,Whip,Standard,245,,,,,100,84,D,C,,,,8,14,,,,2.00,0,0,0,0,0,0,,Ashes of War,225,374
Wing of Astel,🌐,FALSE,Curved Sword,Standard,159,191,,,,100,84,E,C,B,,,7,17,20,,,2.50,0,0,0,0,0,0,Strong attacks unleash waves of light.,Nebula,350,350
Winged Greathorn,🌐,FALSE,Greataxe,Standard,318,,,,,100,150,B,B,,,,30,20,,,,11.00,0,0,0,0,0,0,,Soul Stifler,318,318
Winged Scythe,🌐,FALSE,Reaper,Standard,213,,,,254,100,110,D,C,,C,,16,16,,24,,7.50,0,0,55,0,0,0,,Angel's Wings,467,467
Zamor Curved Sword,🌐,FALSE,Curved Greatsword,Standard,306,,,,,100,128,C,B,,,,16,18,,,,9.00,0,65,0,0,0,0,,Zamor Ice Storm,306,306
Zweihander,🌐,FALSE,Colossal Sword,Standard,345,,,,,100,126,D,C,,,,19,11,,,,15.50,0,0,0,0,0,0,,Ashes of War,319,530